ObsEndDate,SpeciesLatinName,TrapNumber,SpecimenAmount,temp,RH,cave,zone,resident
7/17/03,Oncopoduridae,43,1,44.97026786,103.8,Hansen,Dark,Resident
6/23/04,Hypogastruridae,44,1,44.65,103.8,Hansen,Dark,Resident
6/23/04,Oncopoduridae,44,1,44.65,103.8,Hansen,Dark,Resident
7/7/04,Hypogastruridae,44,5,44.65,103.8,Hansen,Dark,Resident
7/21/04,Hypogastruridae,43,1,44.6608631,103.8,Hansen,Dark,Resident
7/21/04,Hypogastruridae,44,1,44.6608631,103.8,Hansen,Dark,Resident
8/4/04,Hypogastruridae,44,2,44.65,103.8,Hansen,Dark,Resident
8/18/04,Oncopoduridae,44,1,44.65,103.8,Hansen,Dark,Resident
9/16/04,Hypogastruridae,44,1,44.65,103.8,Hansen,Dark,Resident
9/29/04,Hypogastruridae,44,1,44.65,103.8,Hansen,Dark,Resident
9/29/04,Sciaridae,44,1,44.65,103.8,Hansen,Dark,Resident
6/3/03,Sciaridae,13,6,44.28712054,103.1354167,Hansen,Twilight,Resident
6/3/03,Tomoceridae,13,1,44.28712054,103.1354167,Hansen,Twilight,Resident
6/26/03,Mycetophilidae,13,2,45.2159692,103.3137228,Hansen,Twilight,Resident
6/26/03,Sciaridae,13,1,45.2159692,103.3137228,Hansen,Twilight,Resident
6/26/03,Mycetophilidae,14,6,45.2159692,103.3137228,Hansen,Twilight,Resident
6/26/03,Sciaridae,14,2,45.2159692,103.3137228,Hansen,Twilight,Resident
6/26/03,Staphylinidae,14,1,45.2159692,103.3137228,Hansen,Twilight,Tourist
7/17/03,Mycetophilidae,13,3,45.91724702,103.227877,Hansen,Twilight,Resident
7/17/03,Rhaphidophoridae,13,1,45.91724702,103.227877,Hansen,Twilight,Tourist
7/17/03,Sciaridae,13,1,45.91724702,103.227877,Hansen,Twilight,Resident
8/7/03,Mycetophilidae,13,4,46.23380456,103.3628968,Hansen,Twilight,Resident
8/7/03,Mycetophilidae,13,6,46.23380456,103.3628968,Hansen,Twilight,Resident
8/7/03,Rhaphidophoridae,15,1,46.23380456,103.3628968,Hansen,Twilight,Tourist
8/21/03,Mycetophilidae,13,3,46.31148065,103.4889137,Hansen,Twilight,Resident
8/21/03,Mycetophilidae,15,7,46.31148065,103.4889137,Hansen,Twilight,Resident
8/21/03,Scarabidae,15,1,46.31148065,103.4889137,Hansen,Twilight,Tourist
8/21/03,Trichoceridae,15,1,46.31148065,103.4889137,Hansen,Twilight,Tourist
9/17/03,Mycetophilidae,13,2,46.10893229,103.6564063,Hansen,Twilight,Resident
9/17/03,Oncopoduridae,14,3,46.10893229,103.6564063,Hansen,Twilight,Resident
9/17/03,Leiodidae,14,4,46.10893229,103.6564063,Hansen,Twilight,Tourist
9/17/03,Heleomyzidae,15,4,46.10893229,103.6564063,Hansen,Twilight,Tourist
9/17/03,Mycetophilidae,16,1,46.10893229,103.6564063,Hansen,Twilight,Resident
10/1/03,Sciaridae,13,1,45.9900372,103.6922619,Hansen,Twilight,Resident
10/1/03,Sciaridae,15,1,45.9900372,103.6922619,Hansen,Twilight,Resident
10/1/03,Hypogastruridae,16,4,45.9900372,103.6922619,Hansen,Twilight,Resident
6/9/04,Hypogastruridae,15,3,44.70747768,103.6649554,Hansen,Twilight,Resident
6/9/04,Staphylinidae,15,1,44.70747768,103.6649554,Hansen,Twilight,Tourist
6/9/04,Tomoceridae,15,1,44.70747768,103.6649554,Hansen,Twilight,Resident
6/23/04,Hypogastruridae,13,1,45.11684524,103.6939732,Hansen,Twilight,Resident
6/23/04,Oncopoduridae,13,1,45.11684524,103.6939732,Hansen,Twilight,Resident
6/23/04,Hypogastruridae,15,0,45.11684524,103.6939732,Hansen,Twilight,Resident
6/23/04,Oncopoduridae,15,4,45.11684524,103.6939732,Hansen,Twilight,Resident
6/23/04,Mycetophilidae,15,1,45.11684524,103.6939732,Hansen,Twilight,Resident
6/23/04,Hypogastruridae,16,0,45.11684524,103.6939732,Hansen,Twilight,Resident
7/7/04,Sciaridae,13,1,45.66756696,103.6962054,Hansen,Twilight,Resident
7/7/04,Hypogastruridae,15,8,45.66756696,103.6962054,Hansen,Twilight,Resident
7/7/04,Oncopoduridae,15,1,45.66756696,103.6962054,Hansen,Twilight,Resident
7/7/04,Hypogastruridae,16,6,45.66756696,103.6962054,Hansen,Twilight,Resident
7/7/04,Oncopoduridae,16,1,45.66756696,103.6962054,Hansen,Twilight,Resident
7/21/04,Acari,13,1,45.83857143,103.6975446,Hansen,Twilight,Resident
7/21/04,Hypogastruridae,13,1,45.83857143,103.6975446,Hansen,Twilight,Resident
7/21/04,Tomoceridae,13,1,45.83857143,103.6975446,Hansen,Twilight,Resident
7/21/04,Hypogastruridae,16,6,45.83857143,103.6975446,Hansen,Twilight,Resident
7/21/04,Oncopoduridae,16,2,45.83857143,103.6975446,Hansen,Twilight,Resident
8/4/04,Hypogastruridae,14,1,46.05980655,103.6955357,Hansen,Twilight,Resident
8/4/04,Sciaridae,14,1,46.05980655,103.6955357,Hansen,Twilight,Resident
8/4/04,Acari,15,1,46.05980655,103.6955357,Hansen,Twilight,Resident
8/4/04,Acari,15,1,46.05980655,103.6955357,Hansen,Twilight,Resident
8/4/04,Hypogastruridae,15,1,46.05980655,103.6955357,Hansen,Twilight,Resident
8/4/04,Hypogastruridae,16,6,46.05980655,103.6955357,Hansen,Twilight,Resident
8/18/04,Acari,15,2,46.21194196,103.7,Hansen,Twilight,Resident
8/18/04,Hypogastruridae,15,6,46.21194196,103.7,Hansen,Twilight,Resident
8/18/04,Oncopoduridae,15,1,46.21194196,103.7,Hansen,Twilight,Resident
8/18/04,Sciaridae,15,1,46.21194196,103.7,Hansen,Twilight,Resident
8/18/04,Arrhopalitidae,15,1,46.21194196,103.7,Hansen,Twilight,Resident
8/18/04,Hypogastruridae,16,2,46.21194196,103.7,Hansen,Twilight,Resident
8/18/04,Oncopoduridae,16,1,46.21194196,103.7,Hansen,Twilight,Resident
9/1/04,Empididae,13,1,46.11712798,103.7,Hansen,Twilight,Tourist
9/1/04,Tomoceridae,13,4,46.11712798,103.7,Hansen,Twilight,Resident
9/1/04,Acari,15,1,46.11712798,103.7,Hansen,Twilight,Resident
9/1/04,Hypogastruridae,15,4,46.11712798,103.7,Hansen,Twilight,Resident
9/16/04,Acari,13,1,46.03699306,103.7,Hansen,Twilight,Resident
9/16/04,Empididae,13,1,46.03699306,103.7,Hansen,Twilight,Tourist
9/16/04,Hypogastruridae,13,1,46.03699306,103.7,Hansen,Twilight,Resident
9/16/04,Oncopoduridae,13,1,46.03699306,103.7,Hansen,Twilight,Resident
9/16/04,Tomoceridae,13,2,46.03699306,103.7,Hansen,Twilight,Resident
9/16/04,Tomoceridae,14,1,46.03699306,103.7,Hansen,Twilight,Resident
9/16/04,Acari,15,1,46.03699306,103.7,Hansen,Twilight,Resident
9/16/04,Acari,15,1,46.03699306,103.7,Hansen,Twilight,Resident
9/16/04,Hypogastruridae,15,0,46.03699306,103.7,Hansen,Twilight,Resident
9/16/04,Acari,16,3,46.03699306,103.7,Hansen,Twilight,Resident
9/16/04,Acari,16,1,46.03699306,103.7,Hansen,Twilight,Resident
9/16/04,Hypogastruridae,16,5,46.03699306,103.7,Hansen,Twilight,Resident
9/16/04,Oncopoduridae,16,1,46.03699306,103.7,Hansen,Twilight,Resident
9/16/04,Arrhopalitidae,16,1,46.03699306,103.7,Hansen,Twilight,Resident
9/16/04,Tomoceridae,16,1,46.03699306,103.7,Hansen,Twilight,Resident
9/29/04,Acari,13,1,45.85365385,103.596875,Hansen,Twilight,Resident
9/29/04,Acari,13,1,45.85365385,103.596875,Hansen,Twilight,Resident
9/29/04,Hypogastruridae,13,2,45.85365385,103.596875,Hansen,Twilight,Resident
9/29/04,Sciaridae,13,2,45.85365385,103.596875,Hansen,Twilight,Resident
9/29/04,Sciaridae,13,1,45.85365385,103.596875,Hansen,Twilight,Resident
9/29/04,Hypogastruridae,15,2,45.85365385,103.596875,Hansen,Twilight,Resident
9/29/04,Sciaridae,15,1,45.85365385,103.596875,Hansen,Twilight,Resident
10/14/04,Hypogastruridae,13,1,45.7605,103.7,Hansen,Twilight,Resident
10/14/04,Mycetophilidae,13,1,45.7605,103.7,Hansen,Twilight,Resident
10/14/04,Sphaeroceridae,13,1,45.7605,103.7,Hansen,Twilight,Tourist
10/14/04,Hypogastruridae,15,8,45.7605,103.7,Hansen,Twilight,Resident
10/14/04,Sciaridae,15,1,45.7605,103.7,Hansen,Twilight,Resident
10/14/04,Arrhopalitidae,15,1,45.7605,103.7,Hansen,Twilight,Resident
10/28/04,Rhaphidophoridae,13,1,44.97209077,103.4289435,Hansen,Twilight,Tourist
11/15/04,Hypogastruridae,14,4,44.07934954,97.65069444,Hansen,Twilight,Resident
11/15/04,Sciaridae,14,1,44.07934954,97.65069444,Hansen,Twilight,Resident
11/15/04,Tomoceridae,14,1,44.07934954,97.65069444,Hansen,Twilight,Resident
11/15/04,Acari,16,1,44.07934954,97.65069444,Hansen,Twilight,Resident
11/15/04,Araneae,16,1,44.07934954,97.65069444,Hansen,Twilight,Tourist
11/15/04,Carabidae,16,1,44.07934954,97.65069444,Hansen,Twilight,Resident
11/15/04,Hypogastruridae,16,0,44.07934954,97.65069444,Hansen,Twilight,Resident
11/15/04,Rhaphidophoridae,16,1,44.07934954,97.65069444,Hansen,Twilight,Tourist
11/15/04,Theridiidae,16,1,44.07934954,97.65069444,Hansen,Twilight,Tourist
12/1/04,Rhaphidophoridae,15,1,42.80505859,85.02161458,Hansen,Twilight,Tourist
12/1/04,Sciaridae,15,1,42.80505859,85.02161458,Hansen,Twilight,Resident
12/1/04,Sphaeroceridae,15,1,42.80505859,85.02161458,Hansen,Twilight,Tourist
12/1/04,Tomoceridae,15,7,42.80505859,85.02161458,Hansen,Twilight,Resident
12/14/04,Hypogastruridae,14,2,41.26209115,82.00695313,Hansen,Twilight,Resident
12/14/04,Oncopoduridae,14,1,41.26209115,82.00695313,Hansen,Twilight,Resident
6/3/03,Tomoceridae,24,1,46.27438988,91.08772321,Middle,Dark,Resident
6/26/03,Tomoceridae,24,2,47.94360232,81.63447137,Middle,Dark,Resident
7/17/03,Sciaridae,24,1,51.78758433,64.08799603,Middle,Dark,Resident
9/17/03,Diplopoda,24,3,55.64513021,68.53989583,Middle,Dark,Resident
6/23/04,Hypogastruridae,23,2,47.2275744,96.4219494,Middle,Dark,Resident
6/23/04,Sciaridae,24,1,47.2275744,96.4219494,Middle,Dark,Resident
7/7/04,Acari,24,1,49.52058036,84.51703869,Middle,Dark,Resident
7/7/04,Hypogastruridae,24,4,49.52058036,84.51703869,Middle,Dark,Resident
7/21/04,Hypogastruridae,23,3,52.98874256,82.02983631,Middle,Dark,Resident
7/21/04,Sciaridae,23,2,52.98874256,82.02983631,Middle,Dark,Resident
7/21/04,Hypogastruridae,24,3,52.98874256,82.02983631,Middle,Dark,Resident
8/4/04,Hypogastruridae,24,3,54.7052381,70.7952381,Middle,Dark,Resident
8/18/04,Hypogastruridae,23,2,55.82093006,63.07552083,Middle,Dark,Resident
8/18/04,Sciaridae,23,2,55.82093006,63.07552083,Middle,Dark,Resident
9/1/04,Sciaridae,23,1,54.92209821,66.00520833,Middle,Dark,Resident
12/14/04,Sciaridae,24,1,47.01961538,103.7,Middle,Dark,Resident
7/17/03,Staphylinidae,29,1,47.64092157,104.1,Middle,Dark,Tourist
7/17/03,Rhaphidophoridae,31,1,47.64092157,104.1,Middle,Dark,Tourist
7/17/03,Sciaridae,31,1,47.64092157,104.1,Middle,Dark,Resident
9/17/03,Sciaridae,31,1,48.10978125,99.92619792,Middle,Dark,Resident
10/1/03,Hypogastruridae,31,1,47.88328869,99.8811756,Middle,Dark,Resident
6/23/04,Acari,27,1,48.32412202,103.6736607,Middle,Dark,Resident
6/23/04,Rhaphidophoridae,27,1,48.32412202,103.6736607,Middle,Dark,Tourist
6/23/04,Rhaphidophoridae,31,1,48.32412202,103.6736607,Middle,Dark,Tourist
7/7/04,Acari,27,1,48.54636161,103.6005208,Middle,Dark,Resident
7/7/04,Hypogastruridae,27,1,48.54636161,103.6005208,Middle,Dark,Resident
7/21/04,Rhaphidophoridae,27,1,48.58809524,103.8534226,Middle,Dark,Tourist
7/21/04,Rhaphidophoridae,29,1,48.58809524,103.8534226,Middle,Dark,Tourist
7/21/04,Rhaphidophoridae,30,2,48.58809524,103.8534226,Middle,Dark,Tourist
8/4/04,Rhaphidophoridae,27,2,48.78144345,103.9953125,Middle,Dark,Tourist
8/4/04,Rhaphidophoridae,30,1,48.78144345,103.9953125,Middle,Dark,Tourist
8/4/04,Rhaphidophoridae,31,1,48.78144345,103.9953125,Middle,Dark,Tourist
8/18/04,Acari,27,1,49.13953869,103.8662946,Middle,Dark,Resident
8/18/04,Rhaphidophoridae,29,1,49.13953869,103.8662946,Middle,Dark,Tourist
9/16/04,Acari,27,1,48.84360417,103.9578472,Middle,Dark,Resident
10/28/04,Hypogastruridae,28,1,47.59857143,104,Middle,Dark,Resident
11/15/04,Rhaphidophoridae,27,1,47.53,104,Middle,Dark,Tourist
12/1/04,Sabaconidae,27,1,47.53,104,Middle,Dark,Resident
12/1/04,Tomoceridae,27,1,47.53,104,Middle,Dark,Resident
12/14/04,Oncopoduridae,29,2,47.53,104,Middle,Dark,Resident
8/28/03,Sciaridae,49,1,47.07144345,102.719494,Timpanogos,Dark,Resident
9/17/03,Sciaridae,49,1,46.96803646,102.935,Timpanogos,Dark,Resident
10/1/03,Sciaridae,49,3,46.82063244,103.2223958,Timpanogos,Dark,Resident
6/9/04,Mycetophilidae,48,1,46.58392857,103.4240327,Timpanogos,Dark,Resident
7/7/04,Pseudoscorpionida,48,1,47.16178571,103.0296131,Timpanogos,Dark,Resident
7/21/04,Hypogastruridae,49,1,47.33430804,102.9880208,Timpanogos,Dark,Resident
8/4/04,Acari,49,1,47.41070685,102.8860119,Timpanogos,Dark,Resident
8/4/04,Hypogastruridae,49,1,47.41070685,102.8860119,Timpanogos,Dark,Resident
9/1/04,Hypogastruridae,48,1,47.18914435,103.4385417,Timpanogos,Dark,Resident
10/28/04,Mycetophilidae,48,1,46.10321429,103.8,Timpanogos,Dark,Resident
7/17/03,Rhaphidophoridae,82,1,45.14593254,103.3618552,Timpanogos,Dark,Tourist
7/17/03,Sciaridae,82,2,45.14593254,103.3618552,Timpanogos,Dark,Resident
7/17/03,Rhaphidophoridae,83,1,45.14593254,103.3618552,Timpanogos,Dark,Tourist
8/7/03,Rhaphidophoridae,81,1,47.02125992,103.7,Timpanogos,Dark,Tourist
8/7/03,Sciaridae,81,1,47.02125992,103.7,Timpanogos,Dark,Resident
10/1/03,Sciaridae,82,2,46.30145089,100.0691964,Timpanogos,Dark,Resident
10/1/03,Sciaridae,83,1,46.30145089,100.0691964,Timpanogos,Dark,Resident
6/9/04,Oncopoduridae,81,1,43.98898065,103.7,Timpanogos,Dark,Resident
6/9/04,Rhaphidophoridae,81,3,43.98898065,103.7,Timpanogos,Dark,Tourist
6/9/04,Mycetophilidae,82,1,43.98898065,103.7,Timpanogos,Dark,Resident
6/9/04,Rhaphidophoridae,82,2,43.98898065,103.7,Timpanogos,Dark,Tourist
6/9/04,Sciaridae,82,1,43.98898065,103.7,Timpanogos,Dark,Resident
6/9/04,Rhaphidophoridae,83,1,43.98898065,103.7,Timpanogos,Dark,Tourist
6/23/04,Sciaridae,81,3,44.50986607,103.7,Timpanogos,Dark,Resident
6/23/04,Theridiidae,81,1,44.50986607,103.7,Timpanogos,Dark,Tourist
7/7/04,Sciaridae,81,4,45.27516369,103.7,Timpanogos,Dark,Resident
7/7/04,Sciaridae,82,2,45.27516369,103.7,Timpanogos,Dark,Resident
7/7/04,Sciaridae,83,1,45.27516369,103.7,Timpanogos,Dark,Resident
7/7/04,Tomoceridae,83,1,45.27516369,103.7,Timpanogos,Dark,Resident
7/21/04,Rhaphidophoridae,81,1,46.22905506,103.6522321,Timpanogos,Dark,Tourist
7/21/04,Sciaridae,81,4,46.22905506,103.6522321,Timpanogos,Dark,Resident
7/21/04,Tomoceridae,81,3,46.22905506,103.6522321,Timpanogos,Dark,Resident
7/21/04,Sciaridae,82,3,46.22905506,103.6522321,Timpanogos,Dark,Resident
7/21/04,Sciaridae,83,1,46.22905506,103.6522321,Timpanogos,Dark,Resident
7/21/04,Tipulidae,83,1,46.22905506,103.6522321,Timpanogos,Dark,Tourist
8/4/04,Oncopoduridae,81,1,46.505,103.5662202,Timpanogos,Dark,Resident
8/4/04,Mycetophilidae,81,3,46.505,103.5662202,Timpanogos,Dark,Resident
8/4/04,Tomoceridae,81,2,46.505,103.5662202,Timpanogos,Dark,Resident
8/4/04,Oncopoduridae,82,1,46.505,103.5662202,Timpanogos,Dark,Resident
8/4/04,Sciaridae,82,1,46.505,103.5662202,Timpanogos,Dark,Resident
8/4/04,Tomoceridae,82,1,46.505,103.5662202,Timpanogos,Dark,Resident
8/4/04,Rhaphidophoridae,83,1,46.505,103.5662202,Timpanogos,Dark,Tourist
8/4/04,Sciaridae,83,1,46.505,103.5662202,Timpanogos,Dark,Resident
8/4/04,Tomoceridae,83,2,46.505,103.5662202,Timpanogos,Dark,Resident
8/18/04,Mycetophilidae,81,1,46.71122024,102.0073661,Timpanogos,Dark,Resident
8/18/04,Sciaridae,81,5,46.71122024,102.0073661,Timpanogos,Dark,Resident
8/18/04,Tomoceridae,82,4,46.71122024,102.0073661,Timpanogos,Dark,Resident
8/18/04,Rhaphidophoridae,83,1,46.71122024,102.0073661,Timpanogos,Dark,Tourist
8/18/04,Tomoceridae,83,1,46.71122024,102.0073661,Timpanogos,Dark,Resident
9/1/04,Sciaridae,81,3,46.5253497,102.6948661,Timpanogos,Dark,Resident
9/1/04,Heleomyzidae,82,1,46.5253497,102.6948661,Timpanogos,Dark,Tourist
9/1/04,Mycetophilidae,82,1,46.5253497,102.6948661,Timpanogos,Dark,Resident
9/1/04,Sabaconidae,82,1,46.5253497,102.6948661,Timpanogos,Dark,Resident
9/1/04,Rhaphidophoridae,82,2,46.5253497,102.6948661,Timpanogos,Dark,Tourist
9/1/04,Tomoceridae,83,1,46.5253497,102.6948661,Timpanogos,Dark,Resident
9/16/04,Hypogastruridae,81,2,46.2445,102.4702083,Timpanogos,Dark,Resident
9/16/04,Sciaridae,82,3,46.2445,102.4702083,Timpanogos,Dark,Resident
9/16/04,Lithobiomorpha,83,1,46.2445,102.4702083,Timpanogos,Dark,Resident
9/16/04,Sciaridae,83,3,46.2445,102.4702083,Timpanogos,Dark,Resident
9/16/04,Tomoceridae,83,1,46.2445,102.4702083,Timpanogos,Dark,Resident
9/29/04,Rhaphidophoridae,81,1,46.1,102.5520032,Timpanogos,Dark,Tourist
9/29/04,Sciaridae,81,7,46.1,102.5520032,Timpanogos,Dark,Resident
9/29/04,Rhaphidophoridae,82,1,46.1,102.5520032,Timpanogos,Dark,Tourist
9/29/04,Sciaridae,82,6,46.1,102.5520032,Timpanogos,Dark,Resident
9/29/04,Hymenoptera,83,1,46.1,102.5520032,Timpanogos,Dark,Tourist
9/29/04,Lepidoptera,83,1,46.1,102.5520032,Timpanogos,Dark,Tourist
9/29/04,Sciaridae,83,2,46.1,102.5520032,Timpanogos,Dark,Resident
9/29/04,Tomoceridae,83,1,46.1,102.5520032,Timpanogos,Dark,Resident
10/14/04,Mycetophilidae,82,2,46.101,102.7395139,Timpanogos,Dark,Resident
10/14/04,Sciaridae,82,4,46.101,102.7395139,Timpanogos,Dark,Resident
10/14/04,Rhaphidophoridae,83,1,46.101,102.7395139,Timpanogos,Dark,Tourist
10/14/04,Scarabidae,83,1,46.101,102.7395139,Timpanogos,Dark,Tourist
10/14/04,Sciaridae,83,4,46.101,102.7395139,Timpanogos,Dark,Resident
10/28/04,Mycetophilidae,81,2,46.1,103.6004464,Timpanogos,Dark,Resident
10/28/04,Sciaridae,81,5,46.1,103.6004464,Timpanogos,Dark,Resident
10/28/04,Tomoceridae,81,1,46.1,103.6004464,Timpanogos,Dark,Resident
10/28/04,Oncopoduridae,82,1,46.1,103.6004464,Timpanogos,Dark,Resident
10/28/04,Mycetophilidae,82,2,46.1,103.6004464,Timpanogos,Dark,Resident
10/28/04,Sciaridae,82,2,46.1,103.6004464,Timpanogos,Dark,Resident
10/28/04,Rhaphidophoridae,83,1,46.1,103.6004464,Timpanogos,Dark,Tourist
10/28/04,Sciaridae,83,1,46.1,103.6004464,Timpanogos,Dark,Resident
11/15/04,Sabaconidae,81,1,46.1,103.7,Timpanogos,Dark,Resident
11/15/04,Sciaridae,81,1,46.1,103.7,Timpanogos,Dark,Resident
11/15/04,Tomoceridae,81,5,46.1,103.7,Timpanogos,Dark,Resident
11/15/04,Tomoceridae,82,1,46.1,103.7,Timpanogos,Dark,Resident
12/1/04,Sciaridae,83,2,46.1,103.7,Timpanogos,Dark,Resident
12/14/04,Rhaphidophoridae,81,1,46.1,103.7,Timpanogos,Dark,Tourist
12/14/04,Sciaridae,81,3,46.1,103.7,Timpanogos,Dark,Resident
12/14/04,Tomoceridae,81,2,46.1,103.7,Timpanogos,Dark,Resident
12/14/04,Tomoceridae,82,1,46.1,103.7,Timpanogos,Dark,Resident
12/14/04,Tomoceridae,83,2,46.1,103.7,Timpanogos,Dark,Resident
6/26/03,Rhaphidophoridae,17,1,NA,NA,Middle,Dark,Tourist
6/26/03,Mycetophilidae,7,1,NA,NA,Hansen,Dark,Resident
6/26/03,Rhaphidophoridae,8,1,NA,NA,Hansen,Dark,Tourist
7/17/03,Sciaridae,11,1,NA,NA,Hansen,Dark,Resident
7/17/03,Sciaridae,12,1,NA,NA,Hansen,Dark,Resident
7/17/03,Rhaphidophoridae,22,1,NA,NA,Middle,Dark,Tourist
7/17/03,Pseudoscorpionida,32,1,NA,NA,Hansen,Dark,Resident
7/17/03,Mycetophilidae,37,1,NA,NA,Hansen,Dark,Resident
7/17/03,Mycetophilidae,38,1,NA,NA,Hansen,Dark,Resident
7/17/03,Oncopoduridae,4,1,NA,NA,Hansen,Twilight,Resident
7/17/03,Sciaridae,45,1,NA,NA,Timpanogos,Dark,Resident
7/17/03,Sciaridae,51,2,NA,NA,Timpanogos,Dark,Resident
7/17/03,Mycetophilidae,53,1,NA,NA,Timpanogos,Dark,Resident
7/17/03,Sciaridae,78,6,NA,NA,Timpanogos,Twilight,Resident
7/17/03,Mycetophilidae,79,2,NA,NA,Timpanogos,Twilight,Resident
7/17/03,Mycetophilidae,8,1,NA,NA,Hansen,Dark,Resident
7/17/03,Mycetophilidae,80,1,NA,NA,Timpanogos,Twilight,Resident
7/17/03,Sciaridae,80,2,NA,NA,Timpanogos,Twilight,Resident
7/17/03,Lithobiomorpha,84,1,NA,NA,Timpanogos,Dark,Resident
8/7/03,Sciaridae,12,1,NA,NA,Hansen,Dark,Resident
8/7/03,Mycetophilidae,34,1,NA,NA,Hansen,Dark,Resident
8/7/03,Mycetophilidae,4,1,NA,NA,Hansen,Twilight,Resident
8/7/03,Mycetophilidae,77,1,NA,NA,Timpanogos,Twilight,Resident
8/7/03,Sciaridae,77,1,NA,NA,Timpanogos,Twilight,Resident
8/7/03,Sciaridae,79,1,NA,NA,Timpanogos,Twilight,Resident
8/7/03,Sciaridae,80,2,NA,NA,Timpanogos,Twilight,Resident
8/7/03,Rhaphidophoridae,84,1,NA,NA,Timpanogos,Dark,Tourist
8/7/03,Sciaridae,84,2,NA,NA,Timpanogos,Dark,Resident
8/7/03,Tomoceridae,84,1,NA,NA,Timpanogos,Dark,Resident
8/21/03,Sphaeroceridae,3,1,NA,NA,Hansen,Twilight,Tourist
8/28/03,Mycetophilidae,34,1,NA,NA,Hansen,Dark,Resident
8/28/03,Sciaridae,54,1,NA,NA,Timpanogos,Dark,Resident
8/28/03,Mycetophilidae,77,1,NA,NA,Timpanogos,Twilight,Resident
8/28/03,Sciaridae,78,2,NA,NA,Timpanogos,Twilight,Resident
8/28/03,Oncopoduridae,79,1,NA,NA,Timpanogos,Twilight,Resident
8/28/03,Mycetophilidae,79,1,NA,NA,Timpanogos,Twilight,Resident
8/28/03,Tomoceridae,79,1,NA,NA,Timpanogos,Twilight,Resident
8/28/03,Tomoceridae,79,1,NA,NA,Timpanogos,Twilight,Resident
9/17/03,Heleomyzidae,10,1,NA,NA,Hansen,Dark,Tourist
9/17/03,Oncopoduridae,12,7,NA,NA,Hansen,Dark,Resident
9/17/03,Sciaridae,3,1,NA,NA,Hansen,Twilight,Resident
9/17/03,Sabaconidae,73,1,NA,NA,Timpanogos,Dark,Resident
9/17/03,NA,73,1,NA,NA,Timpanogos,Dark,Tourist
9/17/03,Mycetophilidae,77,1,NA,NA,Timpanogos,Twilight,Resident
9/17/03,Mycetophilidae,79,2,NA,NA,Timpanogos,Twilight,Resident
9/17/03,Sciaridae,79,1,NA,NA,Timpanogos,Twilight,Resident
9/17/03,Sciaridae,79,1,NA,NA,Timpanogos,Twilight,Resident
9/17/03,Oncopoduridae,80,1,NA,NA,Timpanogos,Twilight,Resident
9/17/03,Mycetophilidae,80,2,NA,NA,Timpanogos,Twilight,Resident
9/17/03,Sciaridae,80,5,NA,NA,Timpanogos,Twilight,Resident
9/17/03,Rhaphidophoridae,84,6,NA,NA,Timpanogos,Dark,Tourist
10/1/03,Oncopoduridae,1,2,NA,NA,Hansen,Twilight,Resident
10/1/03,Entomobryidae,12,1,NA,NA,Hansen,Dark,Resident
10/1/03,Oncopoduridae,2,5,NA,NA,Hansen,Twilight,Resident
10/1/03,Oncopoduridae,3,7,NA,NA,Hansen,Twilight,Resident
10/1/03,Entomobryidae,33,2,NA,NA,Hansen,Dark,Resident
10/1/03,Entomobryidae,34,3,NA,NA,Hansen,Dark,Resident
10/1/03,Entomobryidae,34,3,NA,NA,Hansen,Dark,Resident
10/1/03,Sciaridae,38,1,NA,NA,Hansen,Dark,Resident
10/1/03,Sciaridae,50,1,NA,NA,Timpanogos,Dark,Resident
10/1/03,Mycetophilidae,77,1,NA,NA,Timpanogos,Twilight,Resident
10/1/03,Mycetophilidae,78,1,NA,NA,Timpanogos,Twilight,Resident
10/1/03,Sciaridae,78,5,NA,NA,Timpanogos,Twilight,Resident
10/1/03,Mycetophilidae,80,2,NA,NA,Timpanogos,Twilight,Resident
10/1/03,Sciaridae,80,1,NA,NA,Timpanogos,Twilight,Resident
6/9/04,Oncopoduridae,12,2,NA,NA,Hansen,Dark,Resident
6/9/04,Hypogastruridae,19,5,NA,NA,Middle,Dark,Resident
6/9/04,Oncopoduridae,32,4,NA,NA,Hansen,Dark,Resident
6/9/04,Oncopoduridae,33,3,NA,NA,Hansen,Dark,Resident
6/9/04,Acari,37,1,NA,NA,Hansen,Dark,Resident
6/9/04,Oncopoduridae,37,1,NA,NA,Hansen,Dark,Resident
6/9/04,Rhaphidophoridae,37,1,NA,NA,Hansen,Dark,Tourist
6/9/04,Hypogastruridae,45,7,NA,NA,Timpanogos,Dark,Resident
6/9/04,Sciaridae,59,1,NA,NA,Timpanogos,Dark,Resident
6/9/04,Staphylinidae,6,1,NA,NA,Hansen,Dark,Tourist
6/9/04,Sabaconidae,73,1,NA,NA,Timpanogos,Dark,Resident
6/9/04,Sciaridae,77,1,NA,NA,Timpanogos,Twilight,Resident
6/9/04,Rhaphidophoridae,78,1,NA,NA,Timpanogos,Twilight,Tourist
6/9/04,Sciaridae,78,5,NA,NA,Timpanogos,Twilight,Resident
6/9/04,Acari,80,1,NA,NA,Timpanogos,Twilight,Resident
6/9/04,Staphylinidae,84,1,NA,NA,Timpanogos,Dark,Tourist
6/23/04,Oncopoduridae,12,0,NA,NA,Hansen,Dark,Resident
6/23/04,Hypogastruridae,17,2,NA,NA,Middle,Dark,Resident
6/23/04,Hypogastruridae,18,4,NA,NA,Middle,Dark,Resident
6/23/04,Hypogastruridae,19,0,NA,NA,Middle,Dark,Resident
6/23/04,Acari,20,1,NA,NA,Middle,Dark,Resident
6/23/04,Hypogastruridae,20,4,NA,NA,Middle,Dark,Resident
6/23/04,Oncopoduridae,20,2,NA,NA,Middle,Dark,Resident
6/23/04,Thysanoptera,20,1,NA,NA,Middle,Dark,Tourist
6/23/04,Hypogastruridae,21,5,NA,NA,Middle,Dark,Resident
6/23/04,Hypogastruridae,22,2,NA,NA,Middle,Dark,Resident
6/23/04,Rhaphidophoridae,25,1,NA,NA,Middle,Dark,Tourist
6/23/04,Sciaridae,26,1,NA,NA,Middle,Dark,Resident
6/23/04,Oncopoduridae,33,3,NA,NA,Hansen,Dark,Resident
6/23/04,Oncopoduridae,37,0,NA,NA,Hansen,Dark,Resident
6/23/04,Coleoptera,40,1,NA,NA,Hansen,Dark,Tourist
6/23/04,Mycetophilidae,40,1,NA,NA,Hansen,Dark,Resident
6/23/04,Oncopoduridae,5,2,NA,NA,Hansen,Dark,Resident
6/23/04,Acari,50,1,NA,NA,Timpanogos,Dark,Resident
6/23/04,Sciaridae,50,1,NA,NA,Timpanogos,Dark,Resident
6/23/04,Oncopoduridae,52,1,NA,NA,Timpanogos,Dark,Resident
6/23/04,Sciaridae,52,1,NA,NA,Timpanogos,Dark,Resident
6/23/04,Diplopoda,54,1,NA,NA,Timpanogos,Dark,Resident
6/23/04,Oncopoduridae,54,1,NA,NA,Timpanogos,Dark,Resident
6/23/04,Sciaridae,55,1,NA,NA,Timpanogos,Dark,Resident
6/23/04,Oncopoduridae,6,3,NA,NA,Hansen,Dark,Resident
6/23/04,Acari,63,1,NA,NA,Timpanogos,Dark,Resident
6/23/04,Sciaridae,67,2,NA,NA,Timpanogos,Dark,Resident
6/23/04,Mycetophilidae,7,1,NA,NA,Hansen,Dark,Resident
6/23/04,Hypogastruridae,77,1,NA,NA,Timpanogos,Twilight,Resident
6/23/04,Mycetophilidae,77,1,NA,NA,Timpanogos,Twilight,Resident
6/23/04,Sabaconidae,77,1,NA,NA,Timpanogos,Twilight,Resident
6/23/04,Sciaridae,78,4,NA,NA,Timpanogos,Twilight,Resident
6/23/04,Oncopoduridae,9,3,NA,NA,Hansen,Dark,Resident
7/7/04,Tomoceridae,2,1,NA,NA,Hansen,Twilight,Resident
7/7/04,Hypogastruridae,21,3,NA,NA,Middle,Dark,Resident
7/7/04,Oncopoduridae,21,1,NA,NA,Middle,Dark,Resident
7/7/04,Hypogastruridae,22,6,NA,NA,Middle,Dark,Resident
7/7/04,Collembola,25,1,NA,NA,Middle,Dark,Resident
7/7/04,Oncopoduridae,33,1,NA,NA,Hansen,Dark,Resident
7/7/04,Oncopoduridae,33,1,NA,NA,Hansen,Dark,Resident
7/7/04,Oncopoduridae,34,1,NA,NA,Hansen,Dark,Resident
7/7/04,Oncopoduridae,35,2,NA,NA,Hansen,Dark,Resident
7/7/04,Hypogastruridae,36,1,NA,NA,Hansen,Dark,Resident
7/7/04,Oncopoduridae,36,6,NA,NA,Hansen,Dark,Resident
7/7/04,Oncopoduridae,38,1,NA,NA,Hansen,Dark,Resident
7/7/04,Oncopoduridae,4,1,NA,NA,Hansen,Twilight,Resident
7/7/04,Hypogastruridae,40,1,NA,NA,Hansen,Dark,Resident
7/7/04,Oncopoduridae,40,3,NA,NA,Hansen,Dark,Resident
7/7/04,Hypogastruridae,45,8,NA,NA,Timpanogos,Dark,Resident
7/7/04,Hypogastruridae,46,2,NA,NA,Timpanogos,Dark,Resident
7/7/04,Oncopoduridae,5,2,NA,NA,Hansen,Dark,Resident
7/7/04,Tomoceridae,5,1,NA,NA,Hansen,Dark,Resident
7/7/04,Sciaridae,51,1,NA,NA,Timpanogos,Dark,Resident
7/7/04,Acari,52,1,NA,NA,Timpanogos,Dark,Resident
7/7/04,Oncopoduridae,52,1,NA,NA,Timpanogos,Dark,Resident
7/7/04,Sciaridae,63,2,NA,NA,Timpanogos,Dark,Resident
7/7/04,Sciaridae,66,1,NA,NA,Timpanogos,Dark,Resident
7/7/04,Carabidae,68,1,NA,NA,Timpanogos,Dark,Resident
7/7/04,Sciaridae,75,1,NA,NA,Timpanogos,Dark,Resident
7/7/04,Sciaridae,78,4,NA,NA,Timpanogos,Twilight,Resident
7/7/04,Tomoceridae,80,1,NA,NA,Timpanogos,Twilight,Resident
7/7/04,Mycetophilidae,86,4,NA,NA,NA,Dark,Resident
7/7/04,Acari,87,1,NA,NA,NA,Dark,Resident
7/7/04,Sciaridae,87,1,NA,NA,NA,Dark,Resident
7/7/04,Oncopoduridae,9,1,NA,NA,Hansen,Dark,Resident
7/21/04,Oncopoduridae,12,1,NA,NA,Hansen,Dark,Resident
7/21/04,Hypogastruridae,19,6,NA,NA,Middle,Dark,Resident
7/21/04,Hypogastruridae,2,1,NA,NA,Hansen,Twilight,Resident
7/21/04,Oncopoduridae,2,2,NA,NA,Hansen,Twilight,Resident
7/21/04,Hypogastruridae,20,8,NA,NA,Middle,Dark,Resident
7/21/04,Hypogastruridae,21,7,NA,NA,Middle,Dark,Resident
7/21/04,Hypogastruridae,22,6,NA,NA,Middle,Dark,Resident
7/21/04,Hypogastruridae,3,1,NA,NA,Hansen,Twilight,Resident
7/21/04,Mycetophilidae,3,1,NA,NA,Hansen,Twilight,Resident
7/21/04,Acari,35,1,NA,NA,Hansen,Dark,Resident
7/21/04,Pseudoscorpionida,35,1,NA,NA,Hansen,Dark,Resident
7/21/04,Oncopoduridae,36,1,NA,NA,Hansen,Dark,Resident
7/21/04,Oncopoduridae,4,5,NA,NA,Hansen,Twilight,Resident
7/21/04,Hypogastruridae,40,1,NA,NA,Hansen,Dark,Resident
7/21/04,Oncopoduridae,40,1,NA,NA,Hansen,Dark,Resident
7/21/04,Hypogastruridae,42,1,NA,NA,Hansen,Dark,Resident
7/21/04,Oncopoduridae,42,1,NA,NA,Hansen,Dark,Resident
7/21/04,Sciaridae,52,2,NA,NA,Timpanogos,Dark,Resident
7/21/04,Oncopoduridae,53,1,NA,NA,Timpanogos,Dark,Resident
7/21/04,Sciaridae,53,1,NA,NA,Timpanogos,Dark,Resident
7/21/04,Sciaridae,54,1,NA,NA,Timpanogos,Dark,Resident
7/21/04,Mycetophilidae,55,1,NA,NA,Timpanogos,Dark,Resident
7/21/04,Hypogastruridae,57,1,NA,NA,Timpanogos,Dark,Resident
7/21/04,Sciaridae,57,1,NA,NA,Timpanogos,Dark,Resident
7/21/04,Oncopoduridae,6,1,NA,NA,Hansen,Dark,Resident
7/21/04,Tomoceridae,6,1,NA,NA,Hansen,Dark,Resident
7/21/04,Acari,7,1,NA,NA,Hansen,Dark,Resident
7/21/04,Acari,71,1,NA,NA,Timpanogos,Dark,Resident
7/21/04,Acari,76,1,NA,NA,Timpanogos,Dark,Resident
7/21/04,Sciaridae,76,1,NA,NA,Timpanogos,Dark,Resident
7/21/04,Acari,77,2,NA,NA,Timpanogos,Twilight,Resident
7/21/04,Sciaridae,77,4,NA,NA,Timpanogos,Twilight,Resident
7/21/04,Mycetophilidae,78,1,NA,NA,Timpanogos,Twilight,Resident
7/21/04,Sciaridae,78,6,NA,NA,Timpanogos,Twilight,Resident
7/21/04,Tomoceridae,78,2,NA,NA,Timpanogos,Twilight,Resident
7/21/04,Oncopoduridae,9,4,NA,NA,Hansen,Dark,Resident
7/21/04,Tomoceridae,9,1,NA,NA,Hansen,Dark,Resident
8/4/04,Acari,12,1,NA,NA,Hansen,Dark,Resident
8/4/04,Sciaridae,12,3,NA,NA,Hansen,Dark,Resident
8/4/04,Tomoceridae,2,1,NA,NA,Hansen,Twilight,Resident
8/4/04,Hypogastruridae,21,5,NA,NA,Middle,Dark,Resident
8/4/04,Hypogastruridae,22,4,NA,NA,Middle,Dark,Resident
8/4/04,Oncopoduridae,32,1,NA,NA,Hansen,Dark,Resident
8/4/04,Oncopoduridae,33,1,NA,NA,Hansen,Dark,Resident
8/4/04,Acari,35,1,NA,NA,Hansen,Dark,Resident
8/4/04,Hypogastruridae,35,1,NA,NA,Hansen,Dark,Resident
8/4/04,Oncopoduridae,4,1,NA,NA,Hansen,Twilight,Resident
8/4/04,Hypogastruridae,40,1,NA,NA,Hansen,Dark,Resident
8/4/04,Oncopoduridae,40,1,NA,NA,Hansen,Dark,Resident
8/4/04,Coleoptera,42,1,NA,NA,Hansen,Dark,Tourist
8/4/04,Acari,45,1,NA,NA,Timpanogos,Dark,Resident
8/4/04,Hypogastruridae,45,5,NA,NA,Timpanogos,Dark,Resident
8/4/04,Hypogastruridae,47,1,NA,NA,Timpanogos,Dark,Resident
8/4/04,Chloropidae,51,1,NA,NA,Timpanogos,Dark,Tourist
8/4/04,Sciaridae,51,1,NA,NA,Timpanogos,Dark,Resident
8/4/04,Oncopoduridae,52,1,NA,NA,Timpanogos,Dark,Resident
8/4/04,Acari,53,1,NA,NA,Timpanogos,Dark,Resident
8/4/04,Mycetophilidae,59,1,NA,NA,Timpanogos,Dark,Resident
8/4/04,Carabidae,6,1,NA,NA,Hansen,Dark,Resident
8/4/04,Mycetophilidae,63,2,NA,NA,Timpanogos,Dark,Resident
8/4/04,Mycetophilidae,65,1,NA,NA,Timpanogos,Dark,Resident
8/4/04,Sciaridae,67,1,NA,NA,Timpanogos,Dark,Resident
8/4/04,Sciaridae,7,1,NA,NA,Hansen,Dark,Resident
8/4/04,Mycetophilidae,76,1,NA,NA,Timpanogos,Dark,Resident
8/4/04,Sciaridae,77,1,NA,NA,Timpanogos,Twilight,Resident
8/4/04,Hypogastruridae,78,2,NA,NA,Timpanogos,Twilight,Resident
8/4/04,Mycetophilidae,78,3,NA,NA,Timpanogos,Twilight,Resident
8/4/04,Sciaridae,78,5,NA,NA,Timpanogos,Twilight,Resident
8/4/04,Tomoceridae,78,1,NA,NA,Timpanogos,Twilight,Resident
8/4/04,Oncopoduridae,8,1,NA,NA,Hansen,Dark,Resident
8/4/04,Tomoceridae,80,1,NA,NA,Timpanogos,Twilight,Resident
8/4/04,Mycetophilidae,86,4,NA,NA,NA,Dark,Resident
8/4/04,Sciaridae,86,2,NA,NA,NA,Dark,Resident
8/4/04,Mycetophilidae,87,2,NA,NA,NA,Dark,Resident
8/4/04,Sciaridae,87,6,NA,NA,NA,Dark,Resident
8/18/04,Sciaridae,1,1,NA,NA,Hansen,Twilight,Resident
8/18/04,Tomoceridae,1,1,NA,NA,Hansen,Twilight,Resident
8/18/04,Sciaridae,10,1,NA,NA,Hansen,Dark,Resident
8/18/04,Hypogastruridae,19,3,NA,NA,Middle,Dark,Resident
8/18/04,Hypogastruridae,20,4,NA,NA,Middle,Dark,Resident
8/18/04,Hypogastruridae,22,6,NA,NA,Middle,Dark,Resident
8/18/04,Hypogastruridae,33,1,NA,NA,Hansen,Dark,Resident
8/18/04,Oncopoduridae,33,1,NA,NA,Hansen,Dark,Resident
8/18/04,Oncopoduridae,34,1,NA,NA,Hansen,Dark,Resident
8/18/04,Mycetophilidae,34,1,NA,NA,Hansen,Dark,Resident
8/18/04,Oncopoduridae,35,3,NA,NA,Hansen,Dark,Resident
8/18/04,Sciaridae,36,1,NA,NA,Hansen,Dark,Resident
8/18/04,Oncopoduridae,42,3,NA,NA,Hansen,Dark,Resident
8/18/04,Acari,45,1,NA,NA,Timpanogos,Dark,Resident
8/18/04,Acari,45,1,NA,NA,Timpanogos,Dark,Resident
8/18/04,Oncopoduridae,5,2,NA,NA,Hansen,Dark,Resident
8/18/04,Acari,50,1,NA,NA,Timpanogos,Dark,Resident
8/18/04,Oncopoduridae,51,2,NA,NA,Timpanogos,Dark,Resident
8/18/04,Oncopoduridae,54,1,NA,NA,Timpanogos,Dark,Resident
8/18/04,Oncopoduridae,6,1,NA,NA,Hansen,Dark,Resident
8/18/04,Sciaridae,6,1,NA,NA,Hansen,Dark,Resident
8/18/04,Mycetophilidae,60,1,NA,NA,Timpanogos,Dark,Resident
8/18/04,Acari,62,2,NA,NA,Timpanogos,Dark,Resident
8/18/04,Sciaridae,62,1,NA,NA,Timpanogos,Dark,Resident
8/18/04,Sciaridae,66,1,NA,NA,Timpanogos,Dark,Resident
8/18/04,Mycetophilidae,67,2,NA,NA,Timpanogos,Dark,Resident
8/18/04,Mycetophilidae,76,1,NA,NA,Timpanogos,Dark,Resident
8/18/04,Sciaridae,76,2,NA,NA,Timpanogos,Dark,Resident
8/18/04,Sciaridae,77,2,NA,NA,Timpanogos,Twilight,Resident
8/18/04,Tomoceridae,77,2,NA,NA,Timpanogos,Twilight,Resident
8/18/04,Mycetophilidae,78,1,NA,NA,Timpanogos,Twilight,Resident
8/18/04,Sciaridae,78,6,NA,NA,Timpanogos,Twilight,Resident
8/18/04,Sciaridae,80,1,NA,NA,Timpanogos,Twilight,Resident
8/18/04,Acari,86,1,NA,NA,NA,Dark,Resident
8/18/04,Mycetophilidae,86,1,NA,NA,NA,Dark,Resident
8/18/04,Sciaridae,86,6,NA,NA,NA,Dark,Resident
8/18/04,Arrhopalitidae,86,1,NA,NA,NA,Dark,Resident
8/18/04,Tomoceridae,86,1,NA,NA,NA,Dark,Resident
8/18/04,Sciaridae,87,3,NA,NA,NA,Dark,Resident
8/18/04,Oncopoduridae,9,7,NA,NA,Hansen,Dark,Resident
9/1/04,Tomoceridae,1,1,NA,NA,Hansen,Twilight,Resident
9/1/04,Acari,10,1,NA,NA,Hansen,Dark,Resident
9/1/04,Coleoptera,10,1,NA,NA,Hansen,Dark,Tourist
9/1/04,Tomoceridae,10,1,NA,NA,Hansen,Dark,Resident
9/1/04,Tomoceridae,20,1,NA,NA,Middle,Dark,Resident
9/1/04,Hypogastruridae,21,1,NA,NA,Middle,Dark,Resident
9/1/04,Hypogastruridae,22,4,NA,NA,Middle,Dark,Resident
9/1/04,Tomoceridae,3,1,NA,NA,Hansen,Twilight,Resident
9/1/04,Acari,45,1,NA,NA,Timpanogos,Dark,Resident
9/1/04,Sciaridae,51,1,NA,NA,Timpanogos,Dark,Resident
9/1/04,Sciaridae,52,1,NA,NA,Timpanogos,Dark,Resident
9/1/04,Sciaridae,56,1,NA,NA,Timpanogos,Dark,Resident
9/1/04,Oncopoduridae,58,2,NA,NA,Timpanogos,Dark,Resident
9/1/04,Oncopoduridae,6,3,NA,NA,Hansen,Dark,Resident
9/1/04,Mycetophilidae,62,1,NA,NA,Timpanogos,Dark,Resident
9/1/04,Sciaridae,65,1,NA,NA,Timpanogos,Dark,Resident
9/1/04,Sciaridae,76,1,NA,NA,Timpanogos,Dark,Resident
9/1/04,Oncopoduridae,77,1,NA,NA,Timpanogos,Twilight,Resident
9/1/04,Mycetophilidae,77,1,NA,NA,Timpanogos,Twilight,Resident
9/1/04,Sciaridae,77,2,NA,NA,Timpanogos,Twilight,Resident
9/1/04,Tomoceridae,77,2,NA,NA,Timpanogos,Twilight,Resident
9/1/04,Acari,78,1,NA,NA,Timpanogos,Twilight,Resident
9/1/04,Heleomyzidae,78,1,NA,NA,Timpanogos,Twilight,Tourist
9/1/04,Mycetophilidae,78,2,NA,NA,Timpanogos,Twilight,Resident
9/1/04,Sciaridae,78,7,NA,NA,Timpanogos,Twilight,Resident
9/1/04,Mycetophilidae,86,2,NA,NA,NA,Dark,Resident
9/1/04,Sciaridae,86,4,NA,NA,NA,Dark,Resident
9/1/04,Tomoceridae,86,4,NA,NA,NA,Dark,Resident
9/1/04,Mycetophilidae,87,1,NA,NA,NA,Dark,Resident
9/1/04,Rhaphidophoridae,87,1,NA,NA,NA,Dark,Tourist
9/1/04,Sciaridae,87,4,NA,NA,NA,Dark,Resident
9/16/04,Sciaridae,10,1,NA,NA,Hansen,Dark,Resident
9/16/04,Tomoceridae,10,3,NA,NA,Hansen,Dark,Resident
9/16/04,Tomoceridae,11,2,NA,NA,Hansen,Dark,Resident
9/16/04,Tomoceridae,12,2,NA,NA,Hansen,Dark,Resident
9/16/04,Hypogastruridae,17,1,NA,NA,Middle,Dark,Resident
9/16/04,Mycetophilidae,18,1,NA,NA,Middle,Dark,Resident
9/16/04,Rhaphidophoridae,18,1,NA,NA,Middle,Dark,Tourist
9/16/04,Sciaridae,18,5,NA,NA,Middle,Dark,Resident
9/16/04,Tomoceridae,2,1,NA,NA,Hansen,Twilight,Resident
9/16/04,Hypogastruridae,21,2,NA,NA,Middle,Dark,Resident
9/16/04,Hypogastruridae,22,0,NA,NA,Middle,Dark,Resident
9/16/04,Acari,33,1,NA,NA,Hansen,Dark,Resident
9/16/04,Oncopoduridae,33,3,NA,NA,Hansen,Dark,Resident
9/16/04,Acari,36,1,NA,NA,Hansen,Dark,Resident
9/16/04,Hypogastruridae,39,1,NA,NA,Hansen,Dark,Resident
9/16/04,Tomoceridae,5,2,NA,NA,Hansen,Dark,Resident
9/16/04,Oncopoduridae,6,1,NA,NA,Hansen,Dark,Resident
9/16/04,Hypogastruridae,61,7,NA,NA,Timpanogos,Dark,Resident
9/16/04,Mycetophilidae,62,1,NA,NA,Timpanogos,Dark,Resident
9/16/04,Mycetophilidae,65,1,NA,NA,Timpanogos,Dark,Resident
9/16/04,Mycetophilidae,66,1,NA,NA,Timpanogos,Dark,Resident
9/16/04,Sciaridae,66,2,NA,NA,Timpanogos,Dark,Resident
9/16/04,Mycetophilidae,67,1,NA,NA,Timpanogos,Dark,Resident
9/16/04,Oncopoduridae,7,2,NA,NA,Hansen,Dark,Resident
9/16/04,Sabaconidae,73,1,NA,NA,Timpanogos,Dark,Resident
9/16/04,Sciaridae,77,2,NA,NA,Timpanogos,Twilight,Resident
9/16/04,Rhaphidophoridae,78,1,NA,NA,Timpanogos,Twilight,Tourist
9/16/04,Sciaridae,78,0,NA,NA,Timpanogos,Twilight,Resident
9/16/04,Sciaridae,80,1,NA,NA,Timpanogos,Twilight,Resident
9/16/04,Oncopoduridae,86,1,NA,NA,NA,Dark,Resident
9/16/04,Mycetophilidae,86,3,NA,NA,NA,Dark,Resident
9/16/04,Sciaridae,86,0,NA,NA,NA,Dark,Resident
9/16/04,Sphaeroceridae,86,1,NA,NA,NA,Dark,Tourist
9/16/04,Sciaridae,87,7,NA,NA,NA,Dark,Resident
9/16/04,Tomoceridae,87,2,NA,NA,NA,Dark,Resident
9/29/04,Hypogastruridae,19,3,NA,NA,Middle,Dark,Resident
9/29/04,Hypogastruridae,20,1,NA,NA,Middle,Dark,Resident
9/29/04,Hypogastruridae,22,1,NA,NA,Middle,Dark,Resident
9/29/04,Rhaphidophoridae,26,1,NA,NA,Middle,Dark,Tourist
9/29/04,Tomoceridae,3,1,NA,NA,Hansen,Twilight,Resident
9/29/04,Oncopoduridae,32,8,NA,NA,Hansen,Dark,Resident
9/29/04,Hypogastruridae,47,1,NA,NA,Timpanogos,Dark,Resident
9/29/04,Acari,52,1,NA,NA,Timpanogos,Dark,Resident
9/29/04,Oncopoduridae,52,1,NA,NA,Timpanogos,Dark,Resident
9/29/04,Sciaridae,52,1,NA,NA,Timpanogos,Dark,Resident
9/29/04,Oncopoduridae,64,1,NA,NA,Timpanogos,Dark,Resident
9/29/04,Mycetophilidae,64,1,NA,NA,Timpanogos,Dark,Resident
9/29/04,Sciaridae,67,1,NA,NA,Timpanogos,Dark,Resident
9/29/04,Pseudoscorpionida,7,1,NA,NA,Hansen,Dark,Resident
9/29/04,Sciaridae,7,1,NA,NA,Hansen,Dark,Resident
9/29/04,Tomoceridae,7,1,NA,NA,Hansen,Dark,Resident
9/29/04,Acari,70,1,NA,NA,Timpanogos,Dark,Resident
9/29/04,Sabaconidae,75,1,NA,NA,Timpanogos,Dark,Resident
9/29/04,Acari,77,1,NA,NA,Timpanogos,Twilight,Resident
9/29/04,Sciaridae,78,7,NA,NA,Timpanogos,Twilight,Resident
9/29/04,Tomoceridae,80,1,NA,NA,Timpanogos,Twilight,Resident
9/29/04,Mycetophilidae,86,2,NA,NA,NA,Dark,Resident
9/29/04,Sciaridae,86,2,NA,NA,NA,Dark,Resident
9/29/04,Sciaridae,87,5,NA,NA,NA,Dark,Resident
9/29/04,Hypogastruridae,9,2,NA,NA,Hansen,Dark,Resident
10/14/04,Oncopoduridae,10,1,NA,NA,Hansen,Dark,Resident
10/14/04,Sciaridae,10,1,NA,NA,Hansen,Dark,Resident
10/14/04,Oncopoduridae,11,2,NA,NA,Hansen,Dark,Resident
10/14/04,Rhaphidophoridae,18,3,NA,NA,Middle,Dark,Tourist
10/14/04,Sciaridae,18,2,NA,NA,Middle,Dark,Resident
10/14/04,Hypogastruridae,21,4,NA,NA,Middle,Dark,Resident
10/14/04,Hypogastruridae,22,2,NA,NA,Middle,Dark,Resident
10/14/04,Oncopoduridae,35,5,NA,NA,Hansen,Dark,Resident
10/14/04,Sciaridae,59,1,NA,NA,Timpanogos,Dark,Resident
10/14/04,Mycetophilidae,62,3,NA,NA,Timpanogos,Dark,Resident
10/14/04,Sciaridae,62,1,NA,NA,Timpanogos,Dark,Resident
10/14/04,Mycetophilidae,63,1,NA,NA,Timpanogos,Dark,Resident
10/14/04,Mycetophilidae,65,1,NA,NA,Timpanogos,Dark,Resident
10/14/04,Mycetophilidae,66,1,NA,NA,Timpanogos,Dark,Resident
10/14/04,Sciaridae,66,2,NA,NA,Timpanogos,Dark,Resident
10/14/04,Sciaridae,72,2,NA,NA,Timpanogos,Dark,Resident
10/14/04,Sciaridae,76,1,NA,NA,Timpanogos,Dark,Resident
10/14/04,Lithobiomorpha,77,1,NA,NA,Timpanogos,Twilight,Resident
10/14/04,Sciaridae,77,2,NA,NA,Timpanogos,Twilight,Resident
10/14/04,Sciaridae,80,1,NA,NA,Timpanogos,Twilight,Resident
10/14/04,Mycetophilidae,86,1,NA,NA,NA,Dark,Resident
10/14/04,Sciaridae,86,4,NA,NA,NA,Dark,Resident
10/14/04,Siphonaptera,86,1,NA,NA,NA,Dark,Tourist
10/14/04,Rhaphidophoridae,87,1,NA,NA,NA,Dark,Tourist
10/14/04,Sciaridae,87,2,NA,NA,NA,Dark,Resident
10/14/04,Sphaeroceridae,87,1,NA,NA,NA,Dark,Tourist
10/28/04,Hypogastruridae,12,0,NA,NA,Hansen,Dark,Resident
10/28/04,Tomoceridae,12,1,NA,NA,Hansen,Dark,Resident
10/28/04,Hypogastruridae,18,1,NA,NA,Middle,Dark,Resident
10/28/04,Acari,19,1,NA,NA,Middle,Dark,Resident
10/28/04,Hypogastruridae,19,1,NA,NA,Middle,Dark,Resident
10/28/04,Lithobiomorpha,25,1,NA,NA,Middle,Dark,Resident
10/28/04,Oncopoduridae,35,8,NA,NA,Hansen,Dark,Resident
10/28/04,Hypogastruridae,36,1,NA,NA,Hansen,Dark,Resident
10/28/04,Sabaconidae,36,1,NA,NA,Hansen,Dark,Resident
10/28/04,Acari,45,1,NA,NA,Timpanogos,Dark,Resident
10/28/04,Hypogastruridae,45,1,NA,NA,Timpanogos,Dark,Resident
10/28/04,Sciaridae,53,1,NA,NA,Timpanogos,Dark,Resident
10/28/04,Mycetophilidae,55,1,NA,NA,Timpanogos,Dark,Resident
10/28/04,Sciaridae,55,3,NA,NA,Timpanogos,Dark,Resident
10/28/04,Pseudoscorpionida,6,1,NA,NA,Hansen,Dark,Resident
10/28/04,Mycetophilidae,60,1,NA,NA,Timpanogos,Dark,Resident
10/28/04,Mycetophilidae,63,2,NA,NA,Timpanogos,Dark,Resident
10/28/04,Oncopoduridae,64,1,NA,NA,Timpanogos,Dark,Resident
10/28/04,Mycetophilidae,64,1,NA,NA,Timpanogos,Dark,Resident
10/28/04,Sciaridae,64,1,NA,NA,Timpanogos,Dark,Resident
10/28/04,Sciaridae,76,2,NA,NA,Timpanogos,Dark,Resident
10/28/04,Hypogastruridae,77,1,NA,NA,Timpanogos,Twilight,Resident
10/28/04,Sciaridae,77,2,NA,NA,Timpanogos,Twilight,Resident
10/28/04,Tomoceridae,77,1,NA,NA,Timpanogos,Twilight,Resident
10/28/04,Acari,78,2,NA,NA,Timpanogos,Twilight,Resident
10/28/04,Sciaridae,78,2,NA,NA,Timpanogos,Twilight,Resident
10/28/04,Theridiidae,78,1,NA,NA,Timpanogos,Twilight,Tourist
10/28/04,Sciaridae,80,1,NA,NA,Timpanogos,Twilight,Resident
10/28/04,Tomoceridae,80,3,NA,NA,Timpanogos,Twilight,Resident
10/28/04,Mycetophilidae,86,3,NA,NA,NA,Dark,Resident
10/28/04,Sabaconidae,86,1,NA,NA,NA,Dark,Resident
10/28/04,Sciaridae,86,6,NA,NA,NA,Dark,Resident
10/28/04,Mycetophilidae,87,2,NA,NA,NA,Dark,Resident
10/28/04,Sciaridae,87,1,NA,NA,NA,Dark,Resident
11/15/04,Sciaridae,1,1,NA,NA,Hansen,Twilight,Resident
11/15/04,Hypogastruridae,18,7,NA,NA,Middle,Dark,Resident
11/15/04,Hypogastruridae,19,1,NA,NA,Middle,Dark,Resident
11/15/04,Tomoceridae,19,1,NA,NA,Middle,Dark,Resident
11/15/04,Hypogastruridae,35,2,NA,NA,Hansen,Dark,Resident
11/15/04,Oncopoduridae,35,4,NA,NA,Hansen,Dark,Resident
11/15/04,Carabidae,52,1,NA,NA,Timpanogos,Dark,Resident
11/15/04,Oncopoduridae,52,1,NA,NA,Timpanogos,Dark,Resident
11/15/04,Sciaridae,52,2,NA,NA,Timpanogos,Dark,Resident
11/15/04,Mycetophilidae,54,1,NA,NA,Timpanogos,Dark,Resident
11/15/04,Sciaridae,54,1,NA,NA,Timpanogos,Dark,Resident
11/15/04,Mycetophilidae,55,1,NA,NA,Timpanogos,Dark,Resident
11/15/04,Sciaridae,55,1,NA,NA,Timpanogos,Dark,Resident
11/15/04,Mycetophilidae,56,2,NA,NA,Timpanogos,Dark,Resident
11/15/04,Sciaridae,59,4,NA,NA,Timpanogos,Dark,Resident
11/15/04,Mycetophilidae,61,1,NA,NA,Timpanogos,Dark,Resident
11/15/04,Sciaridae,64,1,NA,NA,Timpanogos,Dark,Resident
11/15/04,Sciaridae,65,2,NA,NA,Timpanogos,Dark,Resident
11/15/04,Mycetophilidae,66,2,NA,NA,Timpanogos,Dark,Resident
11/15/04,Sciaridae,66,1,NA,NA,Timpanogos,Dark,Resident
11/15/04,Sciaridae,73,1,NA,NA,Timpanogos,Dark,Resident
11/15/04,Sciaridae,78,4,NA,NA,Timpanogos,Twilight,Resident
11/15/04,Mycetophilidae,80,1,NA,NA,Timpanogos,Twilight,Resident
11/15/04,Tomoceridae,80,3,NA,NA,Timpanogos,Twilight,Resident
12/1/04,Tomoceridae,34,1,NA,NA,Hansen,Dark,Resident
12/1/04,Oncopoduridae,35,5,NA,NA,Hansen,Dark,Resident
12/1/04,Staphylinidae,35,1,NA,NA,Hansen,Dark,Tourist
12/1/04,Tomoceridae,35,1,NA,NA,Hansen,Dark,Resident
12/1/04,Sciaridae,51,1,NA,NA,Timpanogos,Dark,Resident
12/1/04,Sciaridae,53,3,NA,NA,Timpanogos,Dark,Resident
12/1/04,Mycetophilidae,56,1,NA,NA,Timpanogos,Dark,Resident
12/1/04,Sciaridae,56,1,NA,NA,Timpanogos,Dark,Resident
12/1/04,Sciaridae,57,2,NA,NA,Timpanogos,Dark,Resident
12/1/04,Sciaridae,61,1,NA,NA,Timpanogos,Dark,Resident
12/1/04,Mycetophilidae,63,1,NA,NA,Timpanogos,Dark,Resident
12/1/04,Sciaridae,63,1,NA,NA,Timpanogos,Dark,Resident
12/1/04,Tomoceridae,63,1,NA,NA,Timpanogos,Dark,Resident
12/1/04,Sciaridae,67,2,NA,NA,Timpanogos,Dark,Resident
12/1/04,Theridiidae,67,1,NA,NA,Timpanogos,Dark,Tourist
12/1/04,Tomoceridae,67,1,NA,NA,Timpanogos,Dark,Resident
12/1/04,Sciaridae,77,2,NA,NA,Timpanogos,Twilight,Resident
12/1/04,Tomoceridae,77,1,NA,NA,Timpanogos,Twilight,Resident
12/1/04,Sciaridae,78,1,NA,NA,Timpanogos,Twilight,Resident
12/1/04,Tomoceridae,78,1,NA,NA,Timpanogos,Twilight,Resident
12/1/04,Mycetophilidae,80,1,NA,NA,Timpanogos,Twilight,Resident
12/1/04,Rhaphidophoridae,80,1,NA,NA,Timpanogos,Twilight,Tourist
12/1/04,Sciaridae,80,2,NA,NA,Timpanogos,Twilight,Resident
12/1/04,Tomoceridae,80,2,NA,NA,Timpanogos,Twilight,Resident
12/1/04,Sabaconidae,86,1,NA,NA,NA,Dark,Resident
12/1/04,Rhaphidophoridae,86,1,NA,NA,NA,Dark,Tourist
12/1/04,Sciaridae,86,3,NA,NA,NA,Dark,Resident
12/1/04,Tomoceridae,86,1,NA,NA,NA,Dark,Resident
12/1/04,Sciaridae,87,1,NA,NA,NA,Dark,Resident
12/14/04,Sciaridae,11,4,NA,NA,Hansen,Dark,Resident
12/14/04,Rhaphidophoridae,12,1,NA,NA,Hansen,Dark,Tourist
12/14/04,Sciaridae,12,3,NA,NA,Hansen,Dark,Resident
12/14/04,Tomoceridae,12,2,NA,NA,Hansen,Dark,Resident
12/14/04,Acari,18,1,NA,NA,Middle,Dark,Resident
12/14/04,Rhaphidophoridae,2,1,NA,NA,Hansen,Twilight,Tourist
12/14/04,Arrhopalitidae,20,1,NA,NA,Middle,Dark,Resident
12/14/04,Hypogastruridae,22,0,NA,NA,Middle,Dark,Resident
12/14/04,Hypogastruridae,34,5,NA,NA,Hansen,Dark,Resident
12/14/04,Oncopoduridae,36,7,NA,NA,Hansen,Dark,Resident
12/14/04,Sciaridae,39,1,NA,NA,Hansen,Dark,Resident
12/14/04,Sabaconidae,5,1,NA,NA,Hansen,Dark,Resident
12/14/04,Acari,51,1,NA,NA,Timpanogos,Dark,Resident
12/14/04,Oncopoduridae,51,1,NA,NA,Timpanogos,Dark,Resident
12/14/04,Sciaridae,53,2,NA,NA,Timpanogos,Dark,Resident
12/14/04,Sciaridae,55,1,NA,NA,Timpanogos,Dark,Resident
12/14/04,Sciaridae,57,2,NA,NA,Timpanogos,Dark,Resident
12/14/04,Sciaridae,65,2,NA,NA,Timpanogos,Dark,Resident
12/14/04,Sciaridae,66,1,NA,NA,Timpanogos,Dark,Resident
12/14/04,Hypogastruridae,70,2,NA,NA,Timpanogos,Dark,Resident
12/14/04,Acari,72,2,NA,NA,Timpanogos,Dark,Resident
12/14/04,Sciaridae,77,1,NA,NA,Timpanogos,Twilight,Resident
12/14/04,Tomoceridae,77,2,NA,NA,Timpanogos,Twilight,Resident
12/14/04,Tomoceridae,80,1,NA,NA,Timpanogos,Twilight,Resident
12/14/04,Sabaconidae,86,1,NA,NA,NA,Dark,Resident
12/14/04,Rhaphidophoridae,87,1,NA,NA,NA,Dark,Tourist
12/14/04,Sciaridae,87,5,NA,NA,NA,Dark,Resident
12/14/04,Tomoceridae,87,1,NA,NA,NA,Dark,Resident
12/14/04,Trichoceridae,87,1,NA,NA,NA,Dark,Tourist
12/14/04,Acari,9,1,NA,NA,Hansen,Dark,Resident
6/28/23,Oncopoduridae,43,1,45.74328497,100,Hansen,Dark,Resident
7/26/23,Hypogastruridae,43,1,45.74540923,100,Hansen,Dark,Resident
7/26/23,Oncopoduridae,44,6,45.74540923,100,Hansen,Dark,Resident
8/9/23,Rhaphidophoridae,43,1,45.74644271,100,Hansen,Dark,Tourist
9/6/23,Oncopoduridae,43,1,45.74575149,100,Hansen,Dark,Resident
10/6/23,Oncopoduridae,44,1,45.74724935,100,Hansen,Dark,Resident
7/12/23,Amaurobiidae,14,1,45.7836808,100,Hansen,Twilight,Resident
7/12/23,Mycetophilidae,16,1,45.7836808,100,Hansen,Twilight,Resident
7/26/23,Mycetophilidae,13,1,46.05502009,100,Hansen,Twilight,Resident
7/26/23,Mycetophilidae,16,2,46.05502009,100,Hansen,Twilight,Resident
8/9/23,Mycetophilidae,16,1,46.23196875,100,Hansen,Twilight,Resident
8/9/23,Oncopoduridae,15,1,46.23196875,100,Hansen,Twilight,Resident
8/9/23,Tipulidae,14,1,46.23196875,100,Hansen,Twilight,Tourist
8/23/23,Oncopoduridae,13,1,46.34752232,100,Hansen,Twilight,Resident
8/23/23,Oncopoduridae,14,1,46.34752232,100,Hansen,Twilight,Resident
9/6/23,Damaeidae,16,1,46.39793527,100,Hansen,Twilight,Resident
9/6/23,Hypogastruridae,14,1,46.39793527,100,Hansen,Twilight,Resident
9/6/23,Oncopoduridae,13,1,46.39793527,100,Hansen,Twilight,Resident
9/6/23,Oncopoduridae,14,3,46.39793527,100,Hansen,Twilight,Resident
9/6/23,Tomoceridae,14,1,46.39793527,100,Hansen,Twilight,Resident
9/20/23,Arrhopalitidae,14,1,46.40726414,100,Hansen,Twilight,Resident
9/20/23,Hypogastruridae,14,1,46.40726414,100,Hansen,Twilight,Resident
10/6/23,Oncopoduridae,13,1,46.41711784,100,Hansen,Twilight,Resident
10/6/23,Oncopoduridae,15,3,46.41711784,100,Hansen,Twilight,Resident
10/6/23,Tomoceridae,14,2,46.41711784,100,Hansen,Twilight,Resident
7/26/23,Sciaridae,30,1,47.90430357,100,Middle,Dark,Resident
8/9/23,Tomoceridae,29,1,47.96030655,100,Middle,Dark,Resident
10/6/23,Damaeidae,28,1,48.03263997,100,Middle,Dark,Resident
10/6/23,Oncopoduridae,30,1,48.03263997,100,Middle,Dark,Resident
10/6/23,Rhagidiidae,31,3,48.03263997,100,Middle,Dark,Tourist
10/6/23,Stigmaeidae,30,1,48.03263997,100,Middle,Dark,Tourist
8/9/23,Hypogastruridae,48,3,46.85638393,100,Timpanogos,Dark,Resident
6/28/23,Rhaphidophoridae,81,1,44.73881771,100,Timpanogos,Dark,Tourist
6/28/23,Rhaphidophoridae,82,1,44.73881771,100,Timpanogos,Dark,Tourist
6/28/23,Sciaridae,81,1,44.73881771,100,Timpanogos,Dark,Resident
7/12/23,Clubionidae,83,1,45.50742634,100,Timpanogos,Dark,Tourist
7/12/23,Sciaridae,83,1,45.50742634,100,Timpanogos,Dark,Resident
7/26/23,Rhaphidophoridae,82,1,46.57316741,100,Timpanogos,Dark,Tourist
7/26/23,Sciaridae,83,1,46.57316741,100,Timpanogos,Dark,Resident
8/9/23,Sciaridae,82,1,47.27080506,100,Timpanogos,Dark,Resident
8/9/23,Tomoceridae,83,1,47.27080506,100,Timpanogos,Dark,Resident
8/23/23,Sciaridae,81,1,47.77121577,100,Timpanogos,Dark,Resident
8/23/23,Tomoceridae,83,1,47.77121577,100,Timpanogos,Dark,Resident
9/6/23,Alucitidae,81,1,48.14797619,100,Timpanogos,Dark,Tourist
9/6/23,Rhaphidophoridae,82,1,48.14797619,100,Timpanogos,Dark,Tourist
9/6/23,Sciaridae,81,1,48.14797619,100,Timpanogos,Dark,Resident
9/20/23,Rhaphidophoridae,81,1,47.36734747,100,Timpanogos,Dark,Tourist
9/20/23,Rhaphidophoridae,83,6,47.36734747,100,Timpanogos,Dark,Tourist
9/20/23,Sciaridae,83,1,47.36734747,100,Timpanogos,Dark,Resident
9/20/23,Tomoceridae,83,2,47.36734747,100,Timpanogos,Dark,Resident
10/6/23,Sciaridae,81,2,46.95687565,99.99534505,Timpanogos,Dark,Resident
10/6/23,Sciaridae,82,3,46.95687565,99.99534505,Timpanogos,Dark,Resident
10/6/23,Tomoceridae,81,1,46.95687565,99.99534505,Timpanogos,Dark,Resident
6/28/23,Arrhopalitidae,7,1,NA,NA,Hansen,Dark,Resident
6/28/23,Carabidae,25,1,NA,NA,Middle,Dark,Resident
6/28/23,Damaeidae,47,1,NA,NA,Timpanogos,Dark,Resident
6/28/23,Hypogastruridae,19,1,NA,NA,Middle,Dark,Resident
6/28/23,Hypogastruridae,33,1,NA,NA,Hansen,Dark,Resident
6/28/23,Latridiidae,9,1,NA,NA,Hansen,Dark,Tourist
6/28/23,Lithobiomorpha,5,1,NA,NA,Hansen,Dark,Resident
6/28/23,Mycetophilidae,7,1,NA,NA,Hansen,Dark,Resident
6/28/23,Mycetophilidae,77,5,NA,NA,Timpanogos,Twilight,Resident
6/28/23,Mycetophilidae,78,1,NA,NA,Timpanogos,Twilight,Resident
6/28/23,Mycetophilidae,A,1,NA,NA,Hansen,Dark,Resident
6/28/23,Mycetophilidae,B,1,NA,NA,Hansen,Dark,Resident
6/28/23,Oncopoduridae,8,2,NA,NA,Hansen,Dark,Resident
6/28/23,Oncopoduridae,11,2,NA,NA,Hansen,Dark,Resident
6/28/23,Oncopoduridae,32,1,NA,NA,Hansen,Dark,Resident
6/28/23,Oncopoduridae,33,1,NA,NA,Hansen,Dark,Resident
6/28/23,Rhagidiidae,77,1,NA,NA,Timpanogos,Twilight,Tourist
6/28/23,Rhaphidophoridae,6,1,NA,NA,Hansen,Dark,Tourist
6/28/23,Rhaphidophoridae,77,1,NA,NA,Timpanogos,Twilight,Tourist
6/28/23,Sabaconidae,34,1,NA,NA,Hansen,Dark,Resident
6/28/23,Sciaridae,4,1,NA,NA,Hansen,Twilight,Resident
6/28/23,Sciaridae,77,1,NA,NA,Timpanogos,Twilight,Resident
6/28/23,Sciaridae,79,1,NA,NA,Timpanogos,Twilight,Resident
6/28/23,Theridiidae,35,1,NA,NA,Hansen,Dark,Tourist
6/28/23,Tomoceridae,6,1,NA,NA,Hansen,Dark,Resident
6/28/23,Tomoceridae,77,1,NA,NA,Timpanogos,Twilight,Resident
7/12/23,Damaeidae,26,1,NA,NA,Middle,Dark,Resident
7/12/23,Entomobryidae,37,2,NA,NA,Hansen,Dark,Resident
7/12/23,Entomobryidae,50,1,NA,NA,Timpanogos,Dark,Resident
7/12/23,Hypogastruridae,26,1,NA,NA,Middle,Dark,Resident
7/12/23,Mycetophilidae,54,1,NA,NA,Timpanogos,Dark,Resident
7/12/23,Mycetophilidae,74,1,NA,NA,Timpanogos,Dark,Resident
7/12/23,Mycetophilidae,77,4,NA,NA,Timpanogos,Twilight,Resident
7/12/23,Mycetophilidae,78,1,NA,NA,Timpanogos,Twilight,Resident
7/12/23,Oncopoduridae,1,2,NA,NA,Hansen,Twilight,Resident
7/12/23,Oncopoduridae,4,1,NA,NA,Hansen,Twilight,Resident
7/12/23,Oncopoduridae,8,4,NA,NA,Hansen,Dark,Resident
7/12/23,Oncopoduridae,11,1,NA,NA,Hansen,Dark,Resident
7/12/23,Oncopoduridae,12,1,NA,NA,Hansen,Dark,Resident
7/12/23,Oncopoduridae,18,1,NA,NA,Middle,Dark,Resident
7/12/23,Oncopoduridae,19,1,NA,NA,Middle,Dark,Resident
7/12/23,Oncopoduridae,32,3,NA,NA,Hansen,Dark,Resident
7/12/23,Oncopoduridae,36,2,NA,NA,Hansen,Dark,Resident
7/12/23,Rhaphidophoridae,33,1,NA,NA,Hansen,Dark,Tourist
7/12/23,Sciaridae,80,1,NA,NA,Timpanogos,Twilight,Resident
7/12/23,Tomoceridae,3,1,NA,NA,Hansen,Twilight,Resident
7/26/23,Damaeidae,69,2,NA,NA,Timpanogos,Dark,Resident
7/26/23,Hypogastruridae,47,1,NA,NA,Timpanogos,Dark,Resident
7/26/23,Hypogastruridae,68,1,NA,NA,Timpanogos,Dark,Resident
7/26/23,Mycetophilidae,8,1,NA,NA,Hansen,Dark,Resident
7/26/23,Mycetophilidae,37,1,NA,NA,Hansen,Dark,Resident
7/26/23,Mycetophilidae,77,1,NA,NA,Timpanogos,Twilight,Resident
7/26/23,Mycetophilidae,78,1,NA,NA,Timpanogos,Twilight,Resident
7/26/23,Mycetophilidae,80,1,NA,NA,Timpanogos,Twilight,Resident
7/26/23,Oncopoduridae,1,1,NA,NA,Hansen,Twilight,Resident
7/26/23,Oncopoduridae,3,1,NA,NA,Hansen,Twilight,Resident
7/26/23,Oncopoduridae,8,3,NA,NA,Hansen,Dark,Resident
7/26/23,Oncopoduridae,55,1,NA,NA,Timpanogos,Dark,Resident
7/26/23,Rhagidiidae,26,1,NA,NA,Middle,Dark,Tourist
7/26/23,Rhaphidophoridae,10,1,NA,NA,Hansen,Dark,Tourist
7/26/23,Sabaconidae,32,1,NA,NA,Hansen,Dark,Resident
7/26/23,Tomoceridae,9,1,NA,NA,Hansen,Dark,Resident
7/26/23,Tomoceridae,77,1,NA,NA,Timpanogos,Twilight,Resident
8/9/23,Carabidae,55,1,NA,NA,Timpanogos,Dark,Resident
8/9/23,Formicidae,80,1,NA,NA,Timpanogos,Twilight,Tourist
8/9/23,Hypogastruridae,32,2,NA,NA,Hansen,Dark,Resident
8/9/23,Hypogastruridae,34,1,NA,NA,Hansen,Dark,Resident
8/9/23,Lithobiomorpha,72,1,NA,NA,Timpanogos,Dark,Resident
8/9/23,Lithobiomorpha,B,1,NA,NA,Hansen,Dark,Resident
8/9/23,Mycetophilidae,4,1,NA,NA,Hansen,Twilight,Resident
8/9/23,Mycetophilidae,8,1,NA,NA,Hansen,Dark,Resident
8/9/23,Mycetophilidae,32,2,NA,NA,Hansen,Dark,Resident
8/9/23,Mycetophilidae,68,1,NA,NA,Timpanogos,Dark,Resident
8/9/23,Mycetophilidae,78,2,NA,NA,Timpanogos,Twilight,Resident
8/9/23,Mycetophilidae,79,1,NA,NA,Timpanogos,Twilight,Resident
8/9/23,Mycetophilidae,80,1,NA,NA,Timpanogos,Twilight,Resident
8/9/23,Oncopoduridae,5,1,NA,NA,Hansen,Dark,Resident
8/9/23,Oncopoduridae,9,1,NA,NA,Hansen,Dark,Resident
8/9/23,Oncopoduridae,18,1,NA,NA,Middle,Dark,Resident
8/9/23,Oncopoduridae,33,2,NA,NA,Hansen,Dark,Resident
8/9/23,Oncopoduridae,50,1,NA,NA,Timpanogos,Dark,Resident
8/9/23,Oncopoduridae,A,2,NA,NA,Hansen,Dark,Resident
8/9/23,Sciaridae,3,1,NA,NA,Hansen,Twilight,Resident
8/9/23,Sciaridae,33,2,NA,NA,Hansen,Dark,Resident
8/9/23,Sciaridae,57,1,NA,NA,Timpanogos,Dark,Resident
8/9/23,Sciaridae,77,1,NA,NA,Timpanogos,Twilight,Resident
8/9/23,Tomoceridae,8,3,NA,NA,Hansen,Dark,Resident
8/9/23,Tomoceridae,11,4,NA,NA,Hansen,Dark,Resident
8/23/23,Acaridae,57,1,NA,NA,Timpanogos,Dark,Resident
8/23/23,Damaeidae,26,1,NA,NA,Middle,Dark,Resident
8/23/23,Diplopoda,50,1,NA,NA,Timpanogos,Dark,Resident
8/23/23,Hypogastruridae,18,2,NA,NA,Middle,Dark,Resident
8/23/23,Hypogastruridae,32,1,NA,NA,Hansen,Dark,Resident
8/23/23,Hypogastruridae,33,1,NA,NA,Hansen,Dark,Resident
8/23/23,Mycetophilidae,19,1,NA,NA,Middle,Dark,Resident
8/23/23,Mycetophilidae,74,1,NA,NA,Timpanogos,Dark,Resident
8/23/23,Mycetophilidae,77,1,NA,NA,Timpanogos,Twilight,Resident
8/23/23,Oncopoduridae,3,1,NA,NA,Hansen,Twilight,Resident
8/23/23,Oncopoduridae,5,1,NA,NA,Hansen,Dark,Resident
8/23/23,Oncopoduridae,9,1,NA,NA,Hansen,Dark,Resident
8/23/23,Oncopoduridae,33,1,NA,NA,Hansen,Dark,Resident
8/23/23,Oncopoduridae,55,1,NA,NA,Timpanogos,Dark,Resident
8/23/23,Oncopoduridae,79,1,NA,NA,Timpanogos,Twilight,Resident
8/23/23,Rhagidiidae,33,1,NA,NA,Hansen,Dark,Tourist
8/23/23,Rhaphidophoridae,78,1,NA,NA,Timpanogos,Twilight,Tourist
8/23/23,Sabaconidae,80,1,NA,NA,Timpanogos,Twilight,Resident
8/23/23,Sciaridae,10,1,NA,NA,Hansen,Dark,Resident
8/23/23,Sciaridae,78,1,NA,NA,Timpanogos,Twilight,Resident
8/23/23,Tomoceridae,77,1,NA,NA,Timpanogos,Twilight,Resident
9/6/23,Arrhopalitidae,2,1,NA,NA,Hansen,Twilight,Resident
9/6/23,Damaeidae,69,1,NA,NA,Timpanogos,Dark,Resident
9/6/23,Damaeidae,C,1,NA,NA,Hansen,Dark,Resident
9/6/23,Hypogastruridae,8,2,NA,NA,Hansen,Dark,Resident
9/6/23,Hypogastruridae,23,1,NA,NA,Middle,Dark,Resident
9/6/23,Mycetophilidae,78,4,NA,NA,Timpanogos,Twilight,Resident
9/6/23,Mycetophilidae,80,1,NA,NA,Timpanogos,Twilight,Resident
9/6/23,Oncopoduridae,7,1,NA,NA,Hansen,Dark,Resident
9/6/23,Oncopoduridae,8,3,NA,NA,Hansen,Dark,Resident
9/6/23,Oncopoduridae,9,5,NA,NA,Hansen,Dark,Resident
9/6/23,Oncopoduridae,10,3,NA,NA,Hansen,Dark,Resident
9/6/23,Oncopoduridae,18,1,NA,NA,Middle,Dark,Resident
9/6/23,Oncopoduridae,33,2,NA,NA,Hansen,Dark,Resident
9/6/23,Oncopoduridae,37,1,NA,NA,Hansen,Dark,Resident
9/6/23,Oncopoduridae,50,1,NA,NA,Timpanogos,Dark,Resident
9/6/23,Rhaphidophoridae,42,1,NA,NA,Hansen,Dark,Tourist
9/6/23,Rhaphidophoridae,80,1,NA,NA,Timpanogos,Twilight,Tourist
9/6/23,Sabaconidae,32,1,NA,NA,Hansen,Dark,Resident
9/6/23,Sabaconidae,80,1,NA,NA,Timpanogos,Twilight,Resident
9/6/23,Sciaridae,10,1,NA,NA,Hansen,Dark,Resident
9/6/23,Sciaridae,33,1,NA,NA,Hansen,Dark,Resident
9/6/23,Sciaridae,78,1,NA,NA,Timpanogos,Twilight,Resident
9/6/23,Stigmaeidae,26,1,NA,NA,Middle,Dark,Tourist
9/20/23,Entomobryidae,11,1,NA,NA,Hansen,Dark,Resident
9/20/23,Formicidae,79,1,NA,NA,Timpanogos,Twilight,Tourist
9/20/23,Hypogastruridae,18,1,NA,NA,Middle,Dark,Resident
9/20/23,Hypogastruridae,47,1,NA,NA,Timpanogos,Dark,Resident
9/20/23,Mycetophilidae,32,1,NA,NA,Hansen,Dark,Resident
9/20/23,Mycetophilidae,60,1,NA,NA,Timpanogos,Dark,Resident
9/20/23,Mycetophilidae,68,1,NA,NA,Timpanogos,Dark,Resident
9/20/23,Mycetophilidae,77,1,NA,NA,Timpanogos,Twilight,Resident
9/20/23,Mycetophilidae,78,1,NA,NA,Timpanogos,Twilight,Resident
9/20/23,Mycetophilidae,79,2,NA,NA,Timpanogos,Twilight,Resident
9/20/23,Oncopoduridae,3,2,NA,NA,Hansen,Twilight,Resident
9/20/23,Oncopoduridae,7,1,NA,NA,Hansen,Dark,Resident
9/20/23,Oncopoduridae,8,4,NA,NA,Hansen,Dark,Resident
9/20/23,Oncopoduridae,9,2,NA,NA,Hansen,Dark,Resident
9/20/23,Oncopoduridae,11,9,NA,NA,Hansen,Dark,Resident
9/20/23,Oncopoduridae,26,1,NA,NA,Middle,Dark,Resident
9/20/23,Oncopoduridae,32,2,NA,NA,Hansen,Dark,Resident
9/20/23,Oncopoduridae,36,2,NA,NA,Hansen,Dark,Resident
9/20/23,Oncopoduridae,37,2,NA,NA,Hansen,Dark,Resident
9/20/23,Oncopoduridae,A,1,NA,NA,Hansen,Dark,Resident
9/20/23,Rhaphidophoridae,11,1,NA,NA,Hansen,Dark,Tourist
9/20/23,Rhaphidophoridae,12,1,NA,NA,Hansen,Dark,Tourist
9/20/23,Rhaphidophoridae,32,1,NA,NA,Hansen,Dark,Tourist
9/20/23,Rhaphidophoridae,78,1,NA,NA,Timpanogos,Twilight,Tourist
9/20/23,Sciaridae,78,1,NA,NA,Timpanogos,Twilight,Resident
9/20/23,Tomoceridae,8,1,NA,NA,Hansen,Dark,Resident
9/20/23,Tomoceridae,36,1,NA,NA,Hansen,Dark,Resident
10/6/23,Acaridae,34,1,NA,NA,Hansen,Dark,Resident
10/6/23,Ameroseiidae,10,1,NA,NA,Hansen,Dark,Resident
10/6/23,Damaeidae,10,1,NA,NA,Hansen,Dark,Resident
10/6/23,Damaeidae,38,1,NA,NA,Hansen,Dark,Resident
10/6/23,Damaeidae,C,1,NA,NA,Hansen,Dark,Resident
10/6/23,Entomobryidae,74,1,NA,NA,Timpanogos,Dark,Resident
10/6/23,Hypogastruridae,17,1,NA,NA,Middle,Dark,Resident
10/6/23,Hypogastruridae,19,2,NA,NA,Middle,Dark,Resident
10/6/23,Hypogastruridae,23,1,NA,NA,Middle,Dark,Resident
10/6/23,Hypogastruridae,24,2,NA,NA,Middle,Dark,Resident
10/6/23,Hypogastruridae,A,1,NA,NA,Hansen,Dark,Resident
10/6/23,Lithobiomorpha,52,1,NA,NA,Timpanogos,Dark,Resident
10/6/23,Mycetophilidae,55,2,NA,NA,Timpanogos,Dark,Resident
10/6/23,Mycetophilidae,58,1,NA,NA,Timpanogos,Dark,Resident
10/6/23,Mycetophilidae,59,1,NA,NA,Timpanogos,Dark,Resident
10/6/23,Mycetophilidae,78,1,NA,NA,Timpanogos,Twilight,Resident
10/6/23,Mycetophilidae,79,2,NA,NA,Timpanogos,Twilight,Resident
10/6/23,Oncopoduridae,1,1,NA,NA,Hansen,Twilight,Resident
10/6/23,Oncopoduridae,2,4,NA,NA,Hansen,Twilight,Resident
10/6/23,Oncopoduridae,3,3,NA,NA,Hansen,Twilight,Resident
10/6/23,Oncopoduridae,4,1,NA,NA,Hansen,Twilight,Resident
10/6/23,Oncopoduridae,6,2,NA,NA,Hansen,Dark,Resident
10/6/23,Oncopoduridae,7,3,NA,NA,Hansen,Dark,Resident
10/6/23,Oncopoduridae,8,1,NA,NA,Hansen,Dark,Resident
10/6/23,Oncopoduridae,9,4,NA,NA,Hansen,Dark,Resident
10/6/23,Oncopoduridae,10,5,NA,NA,Hansen,Dark,Resident
10/6/23,Oncopoduridae,18,1,NA,NA,Middle,Dark,Resident
10/6/23,Oncopoduridae,32,3,NA,NA,Hansen,Dark,Resident
10/6/23,Oncopoduridae,34,2,NA,NA,Hansen,Dark,Resident
10/6/23,Oncopoduridae,36,2,NA,NA,Hansen,Dark,Resident
10/6/23,Oncopoduridae,37,1,NA,NA,Hansen,Dark,Resident
10/6/23,Oncopoduridae,A,1,NA,NA,Hansen,Dark,Resident
10/6/23,Oncopoduridae,B,1,NA,NA,Hansen,Dark,Resident
10/6/23,Peoppiidae,35,1,NA,NA,Hansen,Dark,Resident
10/6/23,Rhaphidophoridae,26,1,NA,NA,Middle,Dark,Tourist
10/6/23,Rhaphidophoridae,32,1,NA,NA,Hansen,Dark,Tourist
10/6/23,Rhaphidophoridae,78,1,NA,NA,Timpanogos,Twilight,Tourist
10/6/23,Sabaconidae,8,2,NA,NA,Hansen,Dark,Resident
10/6/23,Sciaridae,79,1,NA,NA,Timpanogos,Twilight,Resident
10/6/23,Tomoceridae,8,1,NA,NA,Hansen,Dark,Resident
10/6/23,Tomoceridae,9,1,NA,NA,Hansen,Dark,Resident
10/6/23,Tomoceridae,11,1,NA,NA,Hansen,Dark,Resident